,clfOrig-clfOrigBlind,clfMit-clfMitBlind,clfOrig-clfMit,clfOrigBlind-clfMitBlind
SA-Sum,38.65124011650398,52.97301874740304,85.96226645979652,0.43843632285360234
SA-Mean,0.04470131205692518,0.039864326678263444,0.03996324544370037,0.020404952611000098
NSA-Sum,27.696741453941648,23.664213176478235,26.551430003324757,24.809524627095122
NSA-Mean,0.011131335599689863,0.014253747156871345,0.008003291090909853,0.007859353029654322
