,clfOrig-clfOrigBlind,clfMit-clfMitBlind,clfOrig-clfMit,clfOrigBlind-clfMitBlind
SA-Sum,14.657282440168215,4.714294271642928,15.001643231650334,0.0
SA-Mean,0.007950880871682157,0.0029474295486232407,0.00808749407082685,0.0
NSA-Sum,74.2732168899756,75.31297626747102,71.58822702448884,78.0728463973546
NSA-Mean,0.007023839820867374,0.009595260714520706,0.004462105178122841,0.006211103126921523
